{
  "mode": "rollout",
  "data_path": "/home/takeru/python/gns/datasets/out_fluid/dam_break_left",
  "scenario": "fluid",
  "scenario_options": {
    "rigid": {
      "dataset": "./datasets/out"
    },
    "fluid": {
      "dataset": "./datasets/out_fluid/dam_break_left",
      "rollout_dataset": "valid"
    }
  },
  "active_scenario": {
    "key": "fluid",
    "dataset_dir": "/home/takeru/python/gns/datasets/out_fluid/dam_break_left"
  },
  "model_path": "/home/takeru/python/gns/models",
  "output_path": "./rollouts/",
  "output_filename": "rollout",
  "batch_size": 2,
  "noise_std": 0.0003,
  "log_interval": 10,
  "ntraining_steps": 20000000,
  "validation_interval": null,
  "nsave_steps": 5000,
  "rollout_interval": null,
  "rollout_max_examples": 1,
  "rollout_dataset": "valid",
  "rollout_inference_max_examples": 2,
  "train_dataset_fraction": null,
  "valid_dataset_fraction": null,
  "train_dataset_count": null,
  "valid_dataset_count": null,
  "tensorboard_interval": null,
  "lr_init": 0.0001,
  "lr_decay": 0.1,
  "lr_decay_steps": 5000000,
  "model_file": "latest",
  "train_state_file": "train_state.pt",
  "cuda_device_number": null,
  "tensorboard_log_dir": null,
  "tensorboard_port": null,
  "tensorboard_host": null
}